"parameter","value","mean_score"
"Dims","1to19",0.896827683673405
"Iters","3",0.907262948582572
"ResATAC","0.75",0.894416766363925
"ResRNA","0.75",0.894416766363925
